Symbol,Image
BTC,https://assets.coingecko.com/coins/images/1/large/bitcoin.png?1696501400
ETH,https://assets.coingecko.com/coins/images/279/large/ethereum.png?1696501628
USDT,https://assets.coingecko.com/coins/images/325/large/Tether.png?1696501661
BNB,https://assets.coingecko.com/coins/images/825/large/bnb-icon2_2x.png?1696501970
ADA,https://assets.coingecko.com/coins/images/975/large/cardano.png?1696502090
XRP,https://assets.coingecko.com/coins/images/44/large/xrp-symbol-white-128.png?1696501442
DOGE,https://assets.coingecko.com/coins/images/5/large/dogecoin.png?1696501409
USDC,https://assets.coingecko.com/coins/images/6319/large/usdc.png?1696506694
DOT,https://assets.coingecko.com/coins/images/12171/large/polkadot.png?1696512008
UNI,https://assets.coingecko.com/coins/images/12504/large/uni.jpg?1696512319
SOL,https://assets.coingecko.com/coins/images/4128/large/solana.png?1696504756
LTC,https://assets.coingecko.com/coins/images/2/large/litecoin.png?1696501400
LINK,https://assets.coingecko.com/coins/images/877/large/chainlink-new-logo.png?1696502009
WBTC,https://assets.coingecko.com/coins/images/7598/large/wrapped_bitcoin_wbtc.png?1696507857
XLM,https://assets.coingecko.com/coins/images/100/large/Stellar_symbol_black_RGB.png?
TRX,https://assets.coingecko.com/coins/images/1094/large/tron-logo.png?1696502193
AAVE,https://assets.coingecko.com/coins/images/12645/large/AAVE.png?1696512452
XMR,https://assets.coingecko.com/coins/images/69/large/monero_logo.png?1696501460
EOS,https://assets.coingecko.com/coins/images/738/large/eos-eos-logo.png?1696501893
CRO,https://assets.coingecko.com/coins/images/7310/large/cro_token_logo.png?1696507599
ATOM,https://assets.coingecko.com/coins/images/1481/large/cosmos_hub.png?1696502525
MIOTA,https://assets.coingecko.com/coins/images/692/large/IOTA_Swirl.png?1696501881
XEM,https://assets.coingecko.com/coins/images/28284/large/frxETH_icon.png?1696527284